house_id,montly_rent,deposit_value,house_rules,street,size,lat_long,scrapy_datetime
1710699,EUR 710,EUR 1200,"['Private living room', 'Private Toilet', 'Private kitchen', 'Private basement', 'Private bathroom', 'No Parking', 'WiFi', 'Living room furniture', 'Bed', 'TV', 'Private kitchenware', 'Washing machine', 'Playing musical instruments negotiable', 'Pets not allowed', 'Smoking not allowed']",Ellerstraße,Property: 20 m2,"['51.21539', '6.79858']",2021/05/11 - 06:26:56
1724148,EUR 660,EUR 500,"['Private facilities', 'Private Toilet', 'Private bathroom', 'No living room', 'No garden', 'No kitchen', 'WiFi', 'Bed', 'TV', 'Bedroom lock', 'Air conditioning', 'Closet', 'Playing musical instruments negotiable', 'Smoking allowed only outside', 'Pets not allowed']",Moskauer Straße,Property: 25 m2,"['51.22102', '6.80302']",2021/05/11 - 06:26:59
1721872,EUR 660,EUR 500,"['Private facilities', 'Private Toilet', 'Private bathroom', 'No living room', 'No garden', 'No kitchen', 'WiFi', 'Bed', 'TV', 'Bedroom lock', 'Air conditioning', 'Closet', 'Playing musical instruments negotiable', 'Smoking allowed only outside', 'Pets not allowed']",Moskauer Straße,Property: 25 m2,"['51.22102', '6.80302']",2021/05/11 - 06:27:04
1718361,EUR 900,EUR 0,"['Shared facilities', 'Private living room', 'Private Toilet', 'Private kitchen', 'Private bathroom', 'No garden', 'WiFi', 'Living room furniture', 'Bed', 'TV', 'Private kitchenware', 'Air conditioning', 'Playing musical instruments negotiable', 'Pets negotiable', 'Smoking allowed only outside']",Kirchfeldstraße,Property: 25 m2,"['51.21231', '6.77587']",2021/05/11 - 06:27:15
1719840,EUR 850,EUR 1700,"['Private living room', 'Private Toilet', 'Private kitchen', 'Private bathroom', 'No Parking', 'No garden', 'WiFi', 'Living room furniture', 'Bed', 'TV', 'Private kitchenware', 'Closet', 'Playing musical instruments negotiable', 'Smoking allowed only outside', 'Pets not allowed']",Brückenstraße,Property: 34 m2,"['51.21598', '6.75917']",2021/05/11 - 06:27:18
1724149,EUR 760,EUR 500,"['Private facilities', 'Private Toilet', 'Private bathroom', 'No living room', 'No garden', 'No kitchen', 'WiFi', 'Bed', 'TV', 'Bedroom lock', 'Shared kitchenware', 'Closet', 'Playing musical instruments negotiable', 'Smoking allowed only outside', 'Pets not allowed']",Moskauer Straße,Property: 25 m2,"['51.22102', '6.80302']",2021/05/11 - 06:27:25
1721873,EUR 760,EUR 500,"['Private facilities', 'Private Toilet', 'Private bathroom', 'No living room', 'No garden', 'No kitchen', 'WiFi', 'Bed', 'TV', 'Bedroom lock', 'Shared kitchenware', 'Closet', 'Playing musical instruments negotiable', 'Smoking allowed only outside', 'Pets not allowed']",Moskauer Straße,Property: 25 m2,"['51.22102', '6.80302']",2021/05/11 - 06:27:27
1705818,EUR 1050,EUR 1050,"['Private living room', 'Private Toilet', 'Private kitchen', 'Private bathroom', 'Private balcony', 'No Parking', 'WiFi', 'Living room furniture', 'Bed', 'TV', 'Private kitchenware', 'Air conditioning', 'Playing musical instruments negotiable', 'Smoking allowed only outside', 'Pets not allowed']",Charlottenstraße,Property: 34 m2,"['51.22123', '6.78793']",2021/05/11 - 06:27:33
1705843,EUR 950,EUR 950,"['Private living room', 'Private Toilet', 'Private kitchen', 'Private bathroom', 'Private balcony', 'No Parking', 'WiFi', 'Living room furniture', 'Bed', 'TV', 'Private kitchenware', 'Air conditioning', 'Playing musical instruments negotiable', 'Smoking allowed only outside', 'Pets not allowed']",Charlottenstraße,Property: 31 m2,"['51.22123', '6.78793']",2021/05/11 - 06:27:36
1705836,EUR 950,EUR 950,"['Private living room', 'Private Toilet', 'Private kitchen', 'Private bathroom', 'Private balcony', 'No Parking', 'WiFi', 'Living room furniture', 'Bed', 'TV', 'Private kitchenware', 'Air conditioning', 'Playing musical instruments negotiable', 'Smoking allowed only outside', 'Pets not allowed']",Charlottenstraße,Property: 31 m2,"['51.22123', '6.78793']",2021/05/11 - 06:27:38
1711349,EUR 799,EUR 500,"['Shared facilities', 'Private living room', 'Private Toilet', 'Private kitchen', 'Private bathroom', 'No garden', 'WiFi', 'Living room furniture', 'Bed', 'TV', 'Bedroom lock', 'Private kitchenware', 'Pets negotiable', 'Playing Musical Instruments not allowed', 'Smoking not allowed']",Harleßstraße,Property: 24 m2,"['51.2445', '6.79983']",2021/05/11 - 06:27:41
1717355,EUR 1150,EUR 1200,"['Shared facilities', 'Private living room', 'Shared garden', 'Private Toilet', 'Private kitchen', 'Private basement', 'WiFi', 'Living room furniture', 'Bed', 'TV', 'Bedroom lock', 'Private kitchenware', 'Playing musical instruments negotiable', 'Pets negotiable', 'Smoking allowed only outside']",Hoffeldstraße,Property: 38 m2,"['51.22699', '6.81498']",2021/05/11 - 06:27:43
1711689,EUR 799,EUR 500,"['Shared facilities', 'Private living room', 'Private Toilet', 'Private kitchen', 'Private bathroom', 'No garden', 'WiFi', 'Living room furniture', 'Bed', 'TV', 'Bedroom lock', 'Private kitchenware', 'Pets negotiable', 'Playing Musical Instruments not allowed', 'Smoking not allowed']",Harleßstraße,Property: 27 m2,"['51.2445', '6.79983']",2021/05/11 - 06:27:45
1705841,EUR 990,EUR 995,"['Private living room', 'Private Toilet', 'Private kitchen', 'Private bathroom', 'No Parking', 'No garden', 'WiFi', 'Living room furniture', 'Bed', 'TV', 'Private kitchenware', 'Air conditioning', 'Playing musical instruments negotiable', 'Smoking allowed only outside', 'Pets not allowed']",Charlottenstraße,Property: 31 m2,"['51.22123', '6.78793']",2021/05/11 - 06:27:48
1705823,EUR 990,EUR 995,"['Private living room', 'Private Toilet', 'Private kitchen', 'Private bathroom', 'No Parking', 'No garden', 'WiFi', 'Living room furniture', 'Bed', 'TV', 'Private kitchenware', 'Air conditioning', 'Playing musical instruments negotiable', 'Smoking allowed only outside', 'Pets not allowed']",Charlottenstraße,Property: 31 m2,"['51.22123', '6.78793']",2021/05/11 - 06:27:50
1718013,EUR 1150,EUR 1150,"['Shared facilities', 'Private living room', 'Private Toilet', 'Private kitchen', 'Private basement', 'Private bathroom', 'WiFi', 'Living room furniture', 'Bed', 'TV', 'Bedroom lock', 'Private kitchenware', 'Smoking allowed only outside', 'Playing Musical Instruments not allowed', 'Pets not allowed']",Derfflingerstraße,Property: 65 m2,"['51.25745', '6.81531']",2021/05/11 - 06:27:52
1722984,EUR 660,EUR 0,"['Private facilities', 'Private Toilet', 'Private kitchen', 'Private basement', 'Private bathroom', 'Private balcony', 'WiFi', 'Bed', 'Bedroom lock', 'Washing machine', 'Closet', 'Electrical heating', 'Smoking allowed only outside', 'Pets not allowed']",Merziger Straße,Property: 20 m2,"['51.2503358', '6.7870948']",2021/05/11 - 06:27:55
1713751,EUR 1500,EUR 2000,"['Private facilities', 'Private living room', 'Private Toilet', 'Private kitchen', 'Private bathroom', 'Private balcony', 'WiFi', 'Living room furniture', 'Bed', 'TV', 'Private kitchenware', 'Washing machine', 'Playing musical instruments negotiable', 'Pets negotiable', 'Smoking allowed only outside']",Radeberger Straße,Property: 60 m2,"['51.2289', '6.84812']",2021/05/11 - 06:27:57
1718034,EUR 590,EUR 1200,"['Shared garden', 'Shared toilet', 'Shared kitchen', 'No Parking', 'No living room', 'No basement', 'WiFi', 'Living room furniture', 'Bed', 'Bedroom lock', 'Shared kitchenware', 'Washing machine', 'Playing Musical Instruments allowed', 'Smoking allowed only outside', 'Pets not allowed']",Reisholzer Straße,Property: 100 m2,"['51.20634', '6.8328']",2021/05/11 - 06:28:00
1705840,EUR 1050,EUR 1050,"['Private living room', 'Private Toilet', 'Private kitchen', 'Private bathroom', 'Private balcony', 'No Parking', 'WiFi', 'Living room furniture', 'Bed', 'TV', 'Closet', 'Central heating', 'Playing musical instruments negotiable', 'Smoking allowed only outside', 'Pets not allowed']",Charlottenstraße,Property: 34 m2,"['51.22123', '6.78793']",2021/05/11 - 06:28:19
1704580,EUR 850,EUR 0,"['Shared facilities', 'Private living room', 'Private Toilet', 'Private kitchen', 'Private bathroom', 'Private balcony', 'WiFi', 'Living room furniture', 'Bed', 'TV', 'Private kitchenware', 'Closet', 'Playing musical instruments negotiable', 'Pets not allowed', 'Smoking not allowed']",Westfalenstraße,Furnished,"['51.26296', '6.8168']",2021/05/11 - 06:28:21
1716967,EUR 1150,EUR 1200,"['Shared facilities', 'Private living room', 'Shared garden', 'Private Toilet', 'Private kitchen', 'Private basement', 'WiFi', 'Living room furniture', 'Bed', 'TV', 'Bedroom lock', 'Private kitchenware', 'Playing musical instruments negotiable', 'Pets negotiable', 'Smoking allowed only outside']",Hoffeldstraße,Property: 38 m2,"['51.22699', '6.81498']",2021/05/11 - 06:28:26
1722111,EUR 1200,EUR 500,"['Private facilities', 'Private living room', 'Private Toilet', 'Private kitchen', 'Private basement', 'Private bathroom', 'WiFi', 'Living room furniture', 'Bed', 'TV', 'Private kitchenware', 'Washing machine', 'Playing musical instruments negotiable', 'Pets negotiable', 'Smoking allowed only outside']",Karl-Anton-Straße,Property: 56 m2,"['51.22539', '6.79334']",2021/05/11 - 06:28:28
1709049,EUR 900,EUR 1000,"['Shared facilities', 'Private living room', 'Private Toilet', 'Private kitchen', 'Private basement', 'Private bathroom', 'WiFi', 'Living room furniture', 'Bed', 'TV', 'Washing machine', 'Closet', 'Playing Musical Instruments allowed', 'Smoking allowed only outside', 'Pets not allowed']",Ahnfeldstraße,Property: 40 m2,"['51.24032', '6.79778']",2021/05/11 - 06:28:31
1710699,EUR 710,EUR 1200,"['Private living room', 'Private Toilet', 'Private kitchen', 'Private basement', 'Private bathroom', 'No Parking', 'WiFi', 'Living room furniture', 'Bed', 'TV', 'Private kitchenware', 'Washing machine', 'Playing musical instruments negotiable', 'Pets not allowed', 'Smoking not allowed']",Ellerstraße,Property: 20 m2,"['51.21539', '6.79858']",2021/05/11 - 06:28:33
1724148,EUR 660,EUR 500,"['Private facilities', 'Private Toilet', 'Private bathroom', 'No living room', 'No garden', 'No kitchen', 'WiFi', 'Bed', 'TV', 'Bedroom lock', 'Air conditioning', 'Closet', 'Playing musical instruments negotiable', 'Smoking allowed only outside', 'Pets not allowed']",Moskauer Straße,Property: 25 m2,"['51.22102', '6.80302']",2021/05/11 - 06:28:36
1721872,EUR 660,EUR 500,"['Private facilities', 'Private Toilet', 'Private bathroom', 'No living room', 'No garden', 'No kitchen', 'WiFi', 'Bed', 'TV', 'Bedroom lock', 'Air conditioning', 'Closet', 'Playing musical instruments negotiable', 'Smoking allowed only outside', 'Pets not allowed']",Moskauer Straße,Property: 25 m2,"['51.22102', '6.80302']",2021/05/11 - 06:28:38
1718361,EUR 900,EUR 0,"['Shared facilities', 'Private living room', 'Private Toilet', 'Private kitchen', 'Private bathroom', 'No garden', 'WiFi', 'Living room furniture', 'Bed', 'TV', 'Private kitchenware', 'Air conditioning', 'Playing musical instruments negotiable', 'Pets negotiable', 'Smoking allowed only outside']",Kirchfeldstraße,Property: 25 m2,"['51.21231', '6.77587']",2021/05/11 - 06:28:40
1719840,EUR 850,EUR 1700,"['Private living room', 'Private Toilet', 'Private kitchen', 'Private bathroom', 'No Parking', 'No garden', 'WiFi', 'Living room furniture', 'Bed', 'TV', 'Private kitchenware', 'Closet', 'Playing musical instruments negotiable', 'Smoking allowed only outside', 'Pets not allowed']",Brückenstraße,Property: 34 m2,"['51.21598', '6.75917']",2021/05/11 - 06:28:43
1724149,EUR 760,EUR 500,"['Private facilities', 'Private Toilet', 'Private bathroom', 'No living room', 'No garden', 'No kitchen', 'WiFi', 'Bed', 'TV', 'Bedroom lock', 'Shared kitchenware', 'Closet', 'Playing musical instruments negotiable', 'Smoking allowed only outside', 'Pets not allowed']",Moskauer Straße,Property: 25 m2,"['51.22102', '6.80302']",2021/05/11 - 06:28:52
1721873,EUR 760,EUR 500,"['Private facilities', 'Private Toilet', 'Private bathroom', 'No living room', 'No garden', 'No kitchen', 'WiFi', 'Bed', 'TV', 'Bedroom lock', 'Shared kitchenware', 'Closet', 'Playing musical instruments negotiable', 'Smoking allowed only outside', 'Pets not allowed']",Moskauer Straße,Property: 25 m2,"['51.22102', '6.80302']",2021/05/11 - 06:28:55
1705818,EUR 1050,EUR 1050,"['Private living room', 'Private Toilet', 'Private kitchen', 'Private bathroom', 'Private balcony', 'No Parking', 'WiFi', 'Living room furniture', 'Bed', 'TV', 'Private kitchenware', 'Air conditioning', 'Playing musical instruments negotiable', 'Smoking allowed only outside', 'Pets not allowed']",Charlottenstraße,Property: 34 m2,"['51.22123', '6.78793']",2021/05/11 - 06:28:59
1705843,EUR 950,EUR 950,"['Private living room', 'Private Toilet', 'Private kitchen', 'Private bathroom', 'Private balcony', 'No Parking', 'WiFi', 'Living room furniture', 'Bed', 'TV', 'Private kitchenware', 'Air conditioning', 'Playing musical instruments negotiable', 'Smoking allowed only outside', 'Pets not allowed']",Charlottenstraße,Property: 31 m2,"['51.22123', '6.78793']",2021/05/11 - 06:29:03
1705836,EUR 950,EUR 950,"['Private living room', 'Private Toilet', 'Private kitchen', 'Private bathroom', 'Private balcony', 'No Parking', 'WiFi', 'Living room furniture', 'Bed', 'TV', 'Private kitchenware', 'Air conditioning', 'Playing musical instruments negotiable', 'Smoking allowed only outside', 'Pets not allowed']",Charlottenstraße,Property: 31 m2,"['51.22123', '6.78793']",2021/05/11 - 06:29:17
1711349,EUR 799,EUR 500,"['Shared facilities', 'Private living room', 'Private Toilet', 'Private kitchen', 'Private bathroom', 'No garden', 'WiFi', 'Living room furniture', 'Bed', 'TV', 'Bedroom lock', 'Private kitchenware', 'Pets negotiable', 'Playing Musical Instruments not allowed', 'Smoking not allowed']",Harleßstraße,Property: 24 m2,"['51.2445', '6.79983']",2021/05/11 - 06:29:19
1717355,EUR 1150,EUR 1200,"['Shared facilities', 'Private living room', 'Shared garden', 'Private Toilet', 'Private kitchen', 'Private basement', 'WiFi', 'Living room furniture', 'Bed', 'TV', 'Bedroom lock', 'Private kitchenware', 'Playing musical instruments negotiable', 'Pets negotiable', 'Smoking allowed only outside']",Hoffeldstraße,Property: 38 m2,"['51.22699', '6.81498']",2021/05/11 - 06:29:29
1711689,EUR 799,EUR 500,"['Shared facilities', 'Private living room', 'Private Toilet', 'Private kitchen', 'Private bathroom', 'No garden', 'WiFi', 'Living room furniture', 'Bed', 'TV', 'Bedroom lock', 'Private kitchenware', 'Pets negotiable', 'Playing Musical Instruments not allowed', 'Smoking not allowed']",Harleßstraße,Property: 27 m2,"['51.2445', '6.79983']",2021/05/11 - 06:29:31
1705841,EUR 990,EUR 995,"['Private living room', 'Private Toilet', 'Private kitchen', 'Private bathroom', 'No Parking', 'No garden', 'WiFi', 'Living room furniture', 'Bed', 'TV', 'Private kitchenware', 'Air conditioning', 'Playing musical instruments negotiable', 'Smoking allowed only outside', 'Pets not allowed']",Charlottenstraße,Property: 31 m2,"['51.22123', '6.78793']",2021/05/11 - 06:29:37
1705823,EUR 990,EUR 995,"['Private living room', 'Private Toilet', 'Private kitchen', 'Private bathroom', 'No Parking', 'No garden', 'WiFi', 'Living room furniture', 'Bed', 'TV', 'Private kitchenware', 'Air conditioning', 'Playing musical instruments negotiable', 'Smoking allowed only outside', 'Pets not allowed']",Charlottenstraße,Property: 31 m2,"['51.22123', '6.78793']",2021/05/11 - 06:29:39
1718013,EUR 1150,EUR 1150,"['Shared facilities', 'Private living room', 'Private Toilet', 'Private kitchen', 'Private basement', 'Private bathroom', 'WiFi', 'Living room furniture', 'Bed', 'TV', 'Bedroom lock', 'Private kitchenware', 'Smoking allowed only outside', 'Playing Musical Instruments not allowed', 'Pets not allowed']",Derfflingerstraße,Property: 65 m2,"['51.25745', '6.81531']",2021/05/11 - 06:29:45
1722984,EUR 660,EUR 0,"['Private facilities', 'Private Toilet', 'Private kitchen', 'Private basement', 'Private bathroom', 'Private balcony', 'WiFi', 'Bed', 'Bedroom lock', 'Washing machine', 'Closet', 'Electrical heating', 'Smoking allowed only outside', 'Pets not allowed']",Merziger Straße,Property: 20 m2,"['51.2503358', '6.7870948']",2021/05/11 - 06:29:49
1713751,EUR 1500,EUR 2000,"['Private facilities', 'Private living room', 'Private Toilet', 'Private kitchen', 'Private bathroom', 'Private balcony', 'WiFi', 'Living room furniture', 'Bed', 'TV', 'Private kitchenware', 'Washing machine', 'Playing musical instruments negotiable', 'Pets negotiable', 'Smoking allowed only outside']",Radeberger Straße,Property: 60 m2,"['51.2289', '6.84812']",2021/05/11 - 06:29:51
1718034,EUR 590,EUR 1200,"['Shared garden', 'Shared toilet', 'Shared kitchen', 'No Parking', 'No living room', 'No basement', 'WiFi', 'Living room furniture', 'Bed', 'Bedroom lock', 'Shared kitchenware', 'Washing machine', 'Playing Musical Instruments allowed', 'Smoking allowed only outside', 'Pets not allowed']",Reisholzer Straße,Property: 100 m2,"['51.20634', '6.8328']",2021/05/11 - 06:29:53
1705840,EUR 1050,EUR 1050,"['Private living room', 'Private Toilet', 'Private kitchen', 'Private bathroom', 'Private balcony', 'No Parking', 'WiFi', 'Living room furniture', 'Bed', 'TV', 'Closet', 'Central heating', 'Playing musical instruments negotiable', 'Smoking allowed only outside', 'Pets not allowed']",Charlottenstraße,Property: 34 m2,"['51.22123', '6.78793']",2021/05/11 - 06:29:56
1704580,EUR 850,EUR 0,"['Shared facilities', 'Private living room', 'Private Toilet', 'Private kitchen', 'Private bathroom', 'Private balcony', 'WiFi', 'Living room furniture', 'Bed', 'TV', 'Private kitchenware', 'Closet', 'Playing musical instruments negotiable', 'Pets not allowed', 'Smoking not allowed']",Westfalenstraße,Furnished,"['51.26296', '6.8168']",2021/05/11 - 06:29:58
1716967,EUR 1150,EUR 1200,"['Shared facilities', 'Private living room', 'Shared garden', 'Private Toilet', 'Private kitchen', 'Private basement', 'WiFi', 'Living room furniture', 'Bed', 'TV', 'Bedroom lock', 'Private kitchenware', 'Playing musical instruments negotiable', 'Pets negotiable', 'Smoking allowed only outside']",Hoffeldstraße,Property: 38 m2,"['51.22699', '6.81498']",2021/05/11 - 06:30:00
1722111,EUR 1200,EUR 500,"['Private facilities', 'Private living room', 'Private Toilet', 'Private kitchen', 'Private basement', 'Private bathroom', 'WiFi', 'Living room furniture', 'Bed', 'TV', 'Private kitchenware', 'Washing machine', 'Playing musical instruments negotiable', 'Pets negotiable', 'Smoking allowed only outside']",Karl-Anton-Straße,Property: 56 m2,"['51.22539', '6.79334']",2021/05/11 - 06:30:03
1709049,EUR 900,EUR 1000,"['Shared facilities', 'Private living room', 'Private Toilet', 'Private kitchen', 'Private basement', 'Private bathroom', 'WiFi', 'Living room furniture', 'Bed', 'TV', 'Washing machine', 'Closet', 'Playing Musical Instruments allowed', 'Smoking allowed only outside', 'Pets not allowed']",Ahnfeldstraße,Property: 40 m2,"['51.24032', '6.79778']",2021/05/11 - 06:30:07
1715442,EUR 1000,EUR 500,"['Private living room', 'Private Toilet', 'Private kitchen', 'Private bathroom', 'Shared balcony', 'No Parking', 'WiFi', 'Bed', 'TV', 'Bedroom lock', 'Washing machine', 'Closet', 'Playing musical instruments negotiable', 'Pets negotiable', 'Smoking allowed only outside']",Collenbachstraße,Property: 42 m2,"['51.2438', '6.78295']",2021/05/11 - 06:30:10
1723918,EUR 1300,EUR 1000,"['Private living room', 'Private Toilet', 'Private kitchen', 'Private bathroom', 'No garden', 'No balcony', 'WiFi', 'Living room furniture', 'Bed', 'TV', 'Private kitchenware', 'Washing machine', 'Playing musical instruments negotiable', 'Pets negotiable', 'Smoking allowed']",Oberbilker Allee,Property: 60 m2,"['51.21096', '6.78545']",2021/05/11 - 06:30:14
1714052,EUR 1050,EUR 1050,"['Shared facilities', 'Private Toilet', 'Private kitchen', 'Private basement', 'Private bathroom', 'Private balcony', 'WiFi', 'Bed', 'TV', 'Bedroom lock', 'Private kitchenware', 'Washing machine', 'Smoking allowed only outside', 'Playing Musical Instruments not allowed', 'Pets not allowed']",Oldenburger Straße,Property: 58 m2,"['51.26864', '6.77622']",2021/05/11 - 06:30:18
1713953,EUR 695,EUR 800,"['Private living room', 'Private Toilet', 'Private kitchen', 'Private basement', 'Private bathroom', 'No Parking', 'WiFi', 'Bed', 'TV', 'Closet', 'Not access friendly', 'Playing musical instruments negotiable', 'Smoking allowed only outside', 'Pets not allowed']",Gneisenaustraße,Property: 30 m2,"['51.23907', '6.78377']",2021/05/11 - 06:30:28
1718580,EUR 950,EUR 200,"['Private facilities', 'Private living room', 'Private Toilet', 'Private bathroom', 'Private balcony', 'No garden', 'WiFi', 'Living room furniture', 'Bed', 'TV', 'Bedroom lock', 'Private kitchenware', 'Playing musical instruments negotiable', 'Pets negotiable', 'Smoking allowed only outside']",Gottfried-Keller-Straße,Property: 45 m2,"['51.26061', '6.75716']",2021/05/11 - 06:30:32
1712204,EUR 910,EUR 3600,"['Private living room', 'Private Toilet', 'Private kitchen', 'Private bathroom', 'Private balcony', 'No Parking', 'WiFi', 'Living room furniture', 'Bed', 'TV', 'Private kitchenware', 'Washing machine', 'Playing musical instruments negotiable', 'Pets negotiable', 'Smoking allowed only outside']",Rethelstraße,Property: 50 m2,"['51.23594', '6.79765']",2021/05/11 - 06:30:35
1711913,EUR 799,EUR 500,"['Shared facilities', 'Private living room', 'Private Toilet', 'Private kitchen', 'Private bathroom', 'Private balcony', 'WiFi', 'Living room furniture', 'Bed', 'TV', 'Bedroom lock', 'Private kitchenware', 'Pets negotiable', 'Smoking allowed only outside', 'Playing Musical Instruments not allowed']",Mathildenstraße,Property: 24 m2,"['51.24363', '6.80792']",2021/05/11 - 06:30:38
1722679,EUR 1490,EUR 1490,"['Private living room', 'Private Toilet', 'Private kitchen', 'Shared basement', 'Private bathroom', 'Private balcony', 'WiFi', 'Living room furniture', 'Bed', 'TV', 'Private kitchenware', 'Washing machine', 'Playing musical instruments negotiable', 'Smoking allowed only outside', 'Pets not allowed']",Klapheckstraße,Property: 73 m2,"['51.25927', '6.75859']",2021/05/11 - 06:30:45
1613665,EUR 990,EUR 1980,"['Private living room', 'Private Toilet', 'Private kitchen', 'Private bathroom', 'No Parking', 'No garden', 'WiFi', 'Living room furniture', 'Bed', 'TV', 'Bedroom lock', 'Private kitchenware', 'Playing musical instruments negotiable', 'Pets not allowed', 'Smoking not allowed']",Geibelstraße,Property: 45 m2,"['51.24252', '6.82311']",2021/05/11 - 06:30:56
1715489,EUR 849,EUR 2790,"['Private facilities', 'Private living room', 'Private Toilet', 'Private kitchen', 'Private basement', 'Private bathroom', 'WiFi', 'Living room furniture', 'Bed', 'TV', 'Private kitchenware', 'Washing machine', 'Playing musical instruments negotiable', 'Pets not allowed', 'Smoking not allowed']",Glockenstraße,Property: 30 m2,"['51.24546', '6.78685']",2021/05/11 - 06:31:01
1705842,EUR 1050,EUR 1100,"['Shared facilities', 'Private living room', 'Private Toilet', 'Private kitchen', 'Private bathroom', 'Private balcony', 'WiFi', 'Living room furniture', 'Bed', 'TV', 'Bedroom lock', 'Private kitchenware', 'Playing musical instruments negotiable', 'Smoking allowed only outside', 'Pets not allowed']",Charlottenstraße,Property: 34 m2,"['51.22123', '6.78793']",2021/05/11 - 06:31:06
1705795,,,[],,,,2021/05/11 - 06:31:27
1720936,EUR 850,EUR 1500,"['Private living room', 'Private Toilet', 'Private kitchen', 'Private bathroom', 'No Parking', 'No garden', 'WiFi', 'Living room furniture', 'Bed', 'TV', 'Private kitchenware', 'Washing machine', 'Playing musical instruments negotiable', 'Pets allowed', 'Smoking allowed only outside']",Weseler Straße,Property: 30 m2,"['51.24086', '6.79889']",2021/05/11 - 06:31:30
1704583,EUR 850,EUR 0,"['Shared facilities', 'Private living room', 'Private Toilet', 'Private kitchen', 'Private bathroom', 'No garden', 'No bedroom lock', 'Not access friendly', 'Playing musical instruments negotiable', 'Pets not allowed', 'Smoking not allowed']",Westfalenstraße,Property: 30 m2,"['51.26296', '6.8168']",2021/05/11 - 06:31:33
1709069,EUR 1100,EUR 600,"['Private facilities', 'Private living room', 'Private Toilet', 'Private kitchen', 'Private bathroom', 'No garden', 'WiFi', 'Living room furniture', 'Bed', 'TV', 'Bedroom lock', 'Private kitchenware', 'Playing Musical Instruments not allowed', 'Pets not allowed', 'Smoking not allowed']",Moltkestraße,Property: 35 m2,"['51.23666', '6.79301']",2021/05/11 - 06:31:41
1694985,EUR 1200,EUR 1500,"['Shared toilet', 'Shared kitchen', 'Unisex bathroom', 'Private balcony', 'No Parking', 'No living room', 'WiFi', 'Bed', 'Bedroom lock', 'Shared kitchenware', 'Washing machine', 'Closet', 'Playing musical instruments negotiable', 'Smoking not allowed']",Bergiusstraße,Property: 67 m2,"['51.29649', '6.82816']",2021/05/11 - 06:31:44
1717989,EUR 1040,EUR 1800,"['Private living room', 'Shared garden', 'Private Toilet', 'Private kitchen', 'Shared basement', 'Private bathroom', 'WiFi', 'Living room furniture', 'Bed', 'TV', 'Private kitchenware', 'Washing machine', 'Pets negotiable', 'Playing Musical Instruments not allowed', 'Smoking not allowed']",Füsilierstraße,Property: 50 m2,"['51.25029', '6.77988']",2021/05/11 - 06:31:47
1717578,EUR 1180,EUR 2360,"['Private living room', 'Private Toilet', 'Private kitchen', 'Private basement', 'Private bathroom', 'No Parking', 'WiFi', 'Living room furniture', 'Bed', 'TV', 'Private kitchenware', 'Washing machine', 'Playing musical instruments negotiable', 'Pets not allowed', 'Smoking not allowed']",Kurfürstenstraße,Property: 48 m2,"['51.22356', '6.79328']",2021/05/11 - 06:31:49
1711909,EUR 990,EUR 650,"['Shared facilities', 'Private living room', 'Private Toilet', 'Private kitchen', 'Private bathroom', 'No garden', 'WiFi', 'Living room furniture', 'Bed', 'TV', 'Bedroom lock', 'Private kitchenware', 'Pets negotiable', 'Playing Musical Instruments not allowed', 'Smoking not allowed']",Hansaplatz,Property: 49 m2,"['51.24601', '6.80335']",2021/05/11 - 06:31:53
1709077,EUR 1200,EUR 600,"['Private facilities', 'Private living room', 'Private Toilet', 'Private kitchen', 'Private bathroom', 'No garden', 'WiFi', 'Living room furniture', 'Bed', 'TV', 'Bedroom lock', 'Private kitchenware', 'Playing Musical Instruments not allowed', 'Pets not allowed', 'Smoking not allowed']",Moltkestraße,Property: 35 m2,"['51.23666', '6.79301']",2021/05/11 - 06:31:56
1720880,EUR 1200,EUR 1200,"['Private facilities', 'Private living room', 'Private Toilet', 'Private kitchen', 'Private basement', 'Private bathroom', 'WiFi', 'Living room furniture', 'Bed', 'TV', 'Private kitchenware', 'Washing machine', 'Playing musical instruments negotiable', 'Pets negotiable', 'Smoking allowed only outside']",Grupellostraße,Property: 56 m2,"['51.22076', '6.78691']",2021/05/11 - 06:31:59
1704584,EUR 1200,EUR 0,"['Private Toilet', 'Private kitchen', 'Private bathroom', 'No Parking', 'No living room', 'No garden', 'No bedroom lock', 'Not access friendly', 'Playing musical instruments negotiable', 'Pets not allowed', 'Smoking not allowed']",Dorstener Straße,Property: 45 m2,"['51.2707', '6.79669']",2021/05/11 - 06:32:19
1668748,,,[],,,,2021/05/11 - 06:32:27
1722166,EUR 1200,EUR 1000,"['Shared facilities', 'Private living room', 'Private Toilet', 'Private kitchen', 'Shared basement', 'Private bathroom', 'WiFi', 'Living room furniture', 'Bed', 'TV', 'Private kitchenware', 'Washing machine', 'Playing musical instruments negotiable', 'Smoking allowed only outside', 'Pets not allowed']",Brehmstraße,Property: 72 m2,"['51.24256', '6.80179']",2021/05/11 - 06:32:30
1713912,EUR 1250,EUR 0,"['Private living room', 'Private Toilet', 'Private kitchen', 'Private balcony', 'WiFi', 'Living room furniture', 'Bed', 'TV', 'Bedroom lock', 'Private kitchenware', 'Playing Musical Instruments allowed', 'Pets negotiable', 'Smoking negotiable']",Görlitzer Straße,Property: 54 m2,"['51.20208', '6.72161']",2021/05/11 - 06:32:36
1716604,EUR 1050,EUR 1500,"['Private living room', 'Private Toilet', 'Private kitchen', 'Private bathroom', 'No Parking', 'No garden', 'WiFi', 'Living room furniture', 'Bed', 'TV', 'Private kitchenware', 'Washing machine', 'Playing musical instruments negotiable', 'Pets negotiable', 'Smoking allowed only outside']",Jahnstraße,Property: 45 m2,"['51.21443', '6.78072']",2021/05/11 - 06:32:39
1724005,EUR 1650,EUR 1750,"['Private living room', 'Shared garden', 'Private Toilet', 'Private kitchen', 'Shared basement', 'Private bathroom', 'WiFi', 'Living room furniture', 'Bed', 'TV', 'Bedroom lock', 'Private kitchenware', 'Playing musical instruments negotiable', 'Pets not allowed', 'Smoking not allowed']",Hohe Straße,Property: 50 m2,"['51.22069', '6.77401']",2021/05/11 - 06:32:42
1710339,EUR 910,EUR 3600,"['Private living room', 'Private Toilet', 'Private kitchen', 'Private bathroom', 'No Parking', 'No basement', 'WiFi', 'Living room furniture', 'Bed', 'TV', 'Private kitchenware', 'Washing machine', 'Playing musical instruments negotiable', 'Pets negotiable', 'Smoking allowed only outside']",Rethelstraße,Property: 50 m2,"['51.23594', '6.79765']",2021/05/11 - 06:32:47
1718920,EUR 1420,EUR 2140,"['Private living room', 'Shared garden', 'Private Toilet', 'Private kitchen', 'Private basement', 'Private bathroom', 'WiFi', 'Living room furniture', 'Bed', 'TV', 'Bedroom lock', 'Private kitchenware', 'Playing Musical Instruments not allowed', 'Pets not allowed', 'Smoking not allowed']",Kirchstraße,Property: 60 m2,"['51.21374', '6.80321']",2021/05/11 - 06:32:51
1712112,EUR 1000,EUR 0,"['Private living room', 'Private Toilet', 'Private kitchen', 'Private bathroom', 'No Parking', 'No garden', 'WiFi', 'Living room furniture', 'Bed', 'Private kitchenware', 'Closet', 'Central heating', 'Playing musical instruments negotiable', 'Pets not allowed', 'Smoking not allowed']",Gustav-Poensgen-Straße,Property: 35 m2,"['51.21244', '6.78866']",2021/05/11 - 06:32:54
1665829,EUR 900,EUR 0,"['Private living room', 'Private Toilet', 'Private kitchen', 'Private bathroom', 'No balcony', 'WiFi', 'Living room furniture', 'Bed', 'TV', 'Closet']",Linienstraße,Property: 40 m2,"['51.21508', '6.79566']",2021/05/11 - 06:32:58
1667253,EUR 1950,EUR 1950,"['Shared facilities', 'Private living room', 'Private Toilet', 'Private kitchen', 'Shared basement', 'Private bathroom', 'WiFi', 'Living room furniture', 'Bed', 'TV', 'Bedroom lock', 'Private kitchenware', 'Playing musical instruments negotiable', 'Pets negotiable', 'Smoking allowed only outside']",Münsterstraße,Property: 90 m2,"['51.24483', '6.78807']",2021/05/11 - 06:33:03
1711820,EUR 1300,EUR 2500,"['Private facilities', 'Private living room', 'Private Toilet', 'Private kitchen', 'Shared basement', 'Private bathroom', 'WiFi', 'Living room furniture', 'Bed', 'TV', 'Private kitchenware', 'Washing machine', 'Playing musical instruments negotiable', 'Smoking allowed only outside', 'Pets not allowed']",Lennéstraße,Property: 68 m2,"['51.23946', '6.79134']",2021/05/11 - 06:33:08
1711833,EUR 1300,EUR 2500,"['Private living room', 'Private Toilet', 'Private kitchen', 'Shared basement', 'Private bathroom', 'Private balcony', 'WiFi', 'Living room furniture', 'Bed', 'TV', 'Private kitchenware', 'Washing machine', 'Playing musical instruments negotiable', 'Smoking allowed only outside', 'Pets not allowed']",Plockstraße,Property: 70 m2,"['51.21008', '6.7547']",2021/05/11 - 06:33:11
1673897,EUR 1300,EUR 500,"['Shared facilities', 'Private living room', 'Private Toilet', 'Private kitchen', 'Private basement', 'Private bathroom', 'WiFi', 'Living room furniture', 'Bed', 'TV', 'Bedroom lock', 'Private kitchenware', 'Playing Musical Instruments not allowed', 'Pets not allowed', 'Smoking not allowed']",Karl-Anton-Straße,Property: 55 m2,"['51.22539', '6.79334']",2021/05/11 - 06:33:13
1719745,EUR 1290,EUR 1080,"['Private facilities', 'Private living room', 'Private garden', 'Private Toilet', 'Private kitchen', 'Private bathroom', 'WiFi', 'Living room furniture', 'Bed', 'TV', 'Private kitchenware', 'Washing machine', 'Playing musical instruments negotiable', 'Pets not allowed', 'Smoking not allowed']",Am Holderbusch,Property: 70 m2,"['51.20766', '6.84986']",2021/05/11 - 06:33:19
1709191,EUR 1095,EUR 2500,"['Private living room', 'Private Toilet', 'Private kitchen', 'Private basement', 'Private bathroom', 'No garden', 'WiFi', 'Living room furniture', 'Bed', 'TV', 'Bedroom lock', 'Private kitchenware', 'Playing musical instruments negotiable', 'Pets negotiable', 'Smoking not allowed']",Gertrudisplatz,Property: 37 m2,"['51.20107', '6.83856']",2021/05/11 - 06:33:24
1712211,,,[],,,,2021/05/11 - 06:33:31
1712213,EUR 3300,EUR 0,"['Private living room', 'Private Toilet', 'Private kitchen', 'Private bathroom', 'Private balcony', 'No Parking', 'WiFi', 'Living room furniture', 'Bed', 'TV', 'Private kitchenware', 'Closet', 'Playing musical instruments negotiable', 'Pets not allowed', 'Smoking not allowed']",Glatzer Straße,Property: 40 m2,"['51.21068', '6.83655']",2021/05/11 - 06:33:35
1718670,EUR 1150,EUR 1200,"['WiFi', 'Living room furniture', 'Bed', 'TV', 'Bedroom lock', 'Private kitchenware', 'Playing musical instruments negotiable', 'Pets negotiable', 'Smoking allowed only outside']",Schirmerstraße,Property: 51 m2,"['51.23109', '6.79399']",2021/05/11 - 06:33:37
1664844,EUR 1199,EUR 0,"['Private facilities', 'Private living room', 'Private Toilet', 'Private kitchen', 'Private bathroom', 'WiFi', 'Living room furniture', 'Bed', 'TV', 'Private kitchenware', 'Washing machine', 'Pets not allowed', 'Smoking not allowed']",Tannenstraße,Property: 36 m2,"['51.25082', '6.77975']",2021/05/11 - 06:33:42
1714335,,,[],,,,2021/05/11 - 06:33:45
1712234,EUR 1250,EUR 0,"['Private living room', 'Private Toilet', 'Private kitchen', 'Private bathroom', 'No Parking', 'No garden', 'WiFi', 'Living room furniture', 'Bed', 'Private kitchenware', 'Closet', 'Central heating', 'Playing musical instruments negotiable', 'Pets not allowed', 'Smoking not allowed']",Gustav-Poensgen-Straße,Property: 35 m2,"['51.21244', '6.78866']",2021/05/11 - 06:33:49
1705844,EUR 1250,EUR 1250,"['Private living room', 'Private Toilet', 'Private kitchen', 'Private bathroom', 'Private balcony', 'No Parking', 'WiFi', 'Living room furniture', 'Bed', 'TV', 'Private kitchenware', 'Air conditioning', 'Playing musical instruments negotiable', 'Smoking allowed only outside', 'Pets not allowed']",Charlottenstraße,Property: 42.45 m2,"['51.22123', '6.78793']",2021/05/11 - 06:33:56
1705824,EUR 1250,EUR 1250,"['Private living room', 'Private Toilet', 'Private kitchen', 'Private bathroom', 'Private balcony', 'No Parking', 'WiFi', 'Living room furniture', 'Bed', 'TV', 'Private kitchenware', 'Air conditioning', 'Playing musical instruments negotiable', 'Smoking allowed only outside', 'Pets not allowed']",Charlottenstraße,Property: 42.45 m2,"['51.22123', '6.78793']",2021/05/11 - 06:33:59
1665688,EUR 1190,EUR 2200,"['Private living room', 'Private Toilet', 'Private kitchen', 'Private balcony', 'No Parking', 'No garden', 'WiFi', 'Living room furniture', 'Bed', 'TV', 'Bedroom lock', 'Private kitchenware', 'Playing musical instruments negotiable', 'Pets negotiable', 'Smoking allowed']",Parkstraße,Property: 55 m2,"['51.23803', '6.78248']",2021/05/11 - 06:34:05
1722633,EUR 1190,EUR 2200,"['Private living room', 'Private Toilet', 'Private kitchen', 'Private bathroom', 'Private balcony', 'No Parking', 'WiFi', 'Living room furniture', 'Bed', 'TV', 'Private kitchenware', 'Washing machine', 'Playing musical instruments negotiable', 'Pets allowed', 'Smoking not allowed']",Tußmannstraße,Property: 68 m2,"['51.23985', '6.79305']",2021/05/11 - 06:34:17
1720833,EUR 1850,EUR 4000,"['Private facilities', 'Private living room', 'Private Toilet', 'Private kitchen', 'Private basement', 'Private bathroom', 'WiFi', 'Living room furniture', 'Bed', 'TV', 'Bedroom lock', 'Private kitchenware', 'Playing musical instruments negotiable', 'Pets negotiable', 'Smoking allowed only outside']",Tannenstraße,Property: 80 m2,"['51.25031', '6.7773']",2021/05/11 - 06:34:27
1709851,EUR 1400,EUR 0,"['Private facilities', 'Private living room', 'Private Toilet', 'Private kitchen', 'Private bathroom', 'Private balcony', 'WiFi', 'Living room furniture', 'Bed', 'TV', 'Bedroom lock', 'Private kitchenware', 'Playing musical instruments negotiable', 'Smoking allowed only outside', 'Pets not allowed']",Adlerstraße,Property: 80 m2,"['51.22988', '6.79508']",2021/05/11 - 06:34:35
1722626,EUR 1380,EUR 2500,"['Private living room', 'Shared garden', 'Private Toilet', 'Private kitchen', 'Shared basement', 'Private bathroom', 'WiFi', 'Living room furniture', 'Bed', 'TV', 'Private kitchenware', 'Washing machine', 'Playing musical instruments negotiable', 'Pets negotiable', 'Smoking not allowed']",Eisenstraße,Property: 60 m2,"['51.21665', '6.8009']",2021/05/11 - 06:34:41
1714418,EUR 1790,EUR 3000,"['Private Toilet', 'Private kitchen', 'Private balcony', 'No Parking', 'No living room', 'No garden', 'WiFi', 'Bed', 'Private kitchenware', 'Closet', 'Central heating', 'Wood flooring', 'Playing musical instruments negotiable', 'Smoking allowed only outside', 'Pets not allowed']",Hüttenstraße,Property: 65 m2,"['51.21682', '6.78376']",2021/05/11 - 06:34:44
1709107,EUR 1267,EUR 2970,"['Private facilities', 'Private living room', 'Private Toilet', 'Private kitchen', 'Private basement', 'Unisex bathroom', 'WiFi', 'Living room furniture', 'Bed', 'Bedroom lock', 'Washing machine', 'Dryer', 'Playing Musical Instruments allowed', 'Pets not allowed', 'Smoking not allowed']",Kanzlerstraße,Property: 50 m2,"['51.26239', '6.82257']",2021/05/11 - 06:34:49
1709018,EUR 1267,EUR 2970,"['Private facilities', 'Private living room', 'Private Toilet', 'Private kitchen', 'Private basement', 'Unisex bathroom', 'WiFi', 'Living room furniture', 'Bed', 'Bedroom lock', 'Washing machine', 'Dryer', 'Playing Musical Instruments allowed', 'Pets not allowed', 'Smoking not allowed']",Kanzlerstraße,Property: 50 m2,"['51.26239', '6.82257']",2021/05/11 - 06:34:54
1709017,EUR 1267,EUR 2970,"['Private facilities', 'Private living room', 'Private Toilet', 'Private kitchen', 'Private basement', 'Unisex bathroom', 'WiFi', 'Living room furniture', 'Bed', 'Bedroom lock', 'Washing machine', 'Dryer', 'Playing Musical Instruments allowed', 'Pets not allowed', 'Smoking not allowed']",Kanzlerstraße,Property: 50 m2,"['51.26239', '6.82257']",2021/05/11 - 06:34:56
1708919,EUR 1267,EUR 2970,"['Private facilities', 'Private living room', 'Private Toilet', 'Private kitchen', 'Private basement', 'Unisex bathroom', 'WiFi', 'Living room furniture', 'Bed', 'Bedroom lock', 'Washing machine', 'Dryer', 'Playing Musical Instruments allowed', 'Pets not allowed', 'Smoking not allowed']",Kanzlerstraße,Property: 50 m2,"['51.26239', '6.82257']",2021/05/11 - 06:34:58
1703440,EUR 1267,EUR 2970,"['Private facilities', 'Private living room', 'Private Toilet', 'Private kitchen', 'Private basement', 'Unisex bathroom', 'WiFi', 'Living room furniture', 'Bed', 'Bedroom lock', 'Washing machine', 'Dryer', 'Playing Musical Instruments allowed', 'Smoking allowed only outside', 'Pets not allowed']",Kanzlerstraße,Property: 50 m2,"['51.26239', '6.82257']",2021/05/11 - 06:35:07
1665207,EUR 1060,EUR 3000,"['Private living room', 'Private Toilet', 'Private kitchen', 'Private bathroom', 'No Parking', 'No garden', 'WiFi', 'Living room furniture', 'Bed', 'TV', 'Bedroom lock', 'Private kitchenware', 'Playing musical instruments negotiable', 'Pets not allowed', 'Smoking not allowed']",Eulerstraße,Property: 47 m2,"['51.24194', '6.78725']",2021/05/11 - 06:35:20
1649075,EUR 980,EUR 980,"['Private living room', 'Private Toilet', 'Private kitchen', 'Private bathroom', 'No Parking', 'No garden', 'WiFi', 'Living room furniture', 'Bed', 'TV', 'Private kitchenware', 'Washing machine', 'Playing musical instruments negotiable', 'Pets not allowed', 'Smoking not allowed']",Ellerkirchstraße,Property: 39 m2,"['51.20051', '6.84337']",2021/05/11 - 06:35:26
1712214,EUR 1440,EUR 0,"['Private living room', 'Private Toilet', 'Private kitchen', 'Private bathroom', 'No Parking', 'No garden', 'WiFi', 'Living room furniture', 'Bed', 'TV', 'Private kitchenware', 'Closet', 'Playing musical instruments negotiable', 'Pets not allowed', 'Smoking not allowed']",Glatzer Straße,Property: 40 m2,"['51.21068', '6.83655']",2021/05/11 - 06:35:31
1711975,EUR 5000,EUR 0,"['Private living room', 'Private Toilet', 'Private kitchen', 'Private bathroom', 'Private balcony', 'No Parking', 'WiFi', 'Living room furniture', 'Bed', 'TV', 'Private kitchenware', 'Air conditioning', 'Playing musical instruments negotiable', 'Pets not allowed', 'Smoking not allowed']",Friedrichstraße,Property: 120 m2,"['51.21195', '6.77687']",2021/05/11 - 06:35:39
1711974,EUR 2000,EUR 0,"['Private living room', 'Private Toilet', 'Private kitchen', 'Private bathroom', 'Private balcony', 'No Parking', 'WiFi', 'Living room furniture', 'Bed', 'TV', 'Private kitchenware', 'Air conditioning', 'Playing musical instruments negotiable', 'Pets not allowed', 'Smoking not allowed']",Friedrichstraße,Property: 35 m2,"['51.21195', '6.77687']",2021/05/11 - 06:35:45
1711942,EUR 1600,EUR 0,"['Private living room', 'Private Toilet', 'Private kitchen', 'Private bathroom', 'Private balcony', 'No Parking', 'WiFi', 'Living room furniture', 'Bed', 'TV', 'Private kitchenware', 'Air conditioning', 'Playing musical instruments negotiable', 'Pets not allowed', 'Smoking not allowed']",Friedrichstraße,Property: 35 m2,"['51.21195', '6.77687']",2021/05/11 - 06:35:59
1709850,EUR 1400,EUR 0,"['Private facilities', 'Private living room', 'Private Toilet', 'Private kitchen', 'Private bathroom', 'No garden', 'WiFi', 'Living room furniture', 'Bed', 'TV', 'Bedroom lock', 'Private kitchenware', 'Playing musical instruments negotiable', 'Smoking allowed only outside', 'Pets not allowed']",Adlerstraße,Property: 80 m2,"['51.22988', '6.79508']",2021/05/11 - 06:36:03
1722505,EUR 960,EUR 2490,"['Private living room', 'Private Toilet', 'Private kitchen', 'Private bathroom', 'Private balcony', 'No garden', 'WiFi', 'Living room furniture', 'Bed', 'Private kitchenware', 'Central heating', 'Wood flooring', 'Playing musical instruments negotiable', 'Smoking allowed only outside', 'Pets not allowed']",Schlesische Straße,Property: 65 m2,"['51.20815', '6.83116']",2021/05/11 - 06:36:05
1707192,EUR 1000,EUR 0,[],Kirchfeldstraße,Property: 60 m2,"['51.2124', '6.7777']",2021/05/11 - 06:36:07
1722421,EUR 750,EUR 0,[],Baltenstraße,Property: 47 m2,"['51.2238', '6.86492']",2021/05/11 - 06:36:17
1724024,EUR 2900,EUR 3500,"['Private living room', 'Shared garden', 'Private Toilet', 'Private kitchen', 'Private bathroom', 'Private balcony', 'WiFi', 'Living room furniture', 'Bed', 'TV', 'Bedroom lock', 'Private kitchenware', 'Playing musical instruments negotiable', 'Pets not allowed', 'Smoking not allowed']",Hohe Straße,Property: 75 m2,"['51.22158', '6.77416']",2021/05/11 - 06:36:30
1681626,EUR 2200,EUR 0,"['Private living room', 'Private Toilet', 'Private kitchen', 'Private bathroom', 'Private balcony', 'No Parking', 'WiFi', 'Living room furniture', 'Bed', 'TV', 'Private kitchenware', 'Washing machine', 'Playing musical instruments negotiable', 'Pets not allowed', 'Smoking not allowed']",Achenbachstraße,Property: 90 m2,"['51.23207', '6.80766']",2021/05/11 - 06:36:35
1666759,EUR 2100,EUR 5400,"['Shared facilities', 'Private living room', 'Private garden', 'Private Toilet', 'Private kitchen', 'Private bathroom', 'WiFi', 'Living room furniture', 'Bed', 'TV', 'Private kitchenware', 'Washing machine', 'Pets not allowed', 'Smoking not allowed']",Barbarossaplatz,Property: 120 m2,"['51.23103', '6.75228']",2021/05/11 - 06:36:37
1698131,EUR 1500,EUR 2500,"['Shared facilities', 'Shared living room', 'Shared toilet', 'Shared kitchen', 'Shared basement', 'Unisex bathroom', 'WiFi', 'Living room furniture', 'Bed', 'TV', 'Bedroom lock', 'Shared kitchenware', 'Playing Musical Instruments allowed', 'Pets not allowed', 'Smoking not allowed']",Charlottenstraße,Property: 130 m2,"['51.22029', '6.78684']",2021/05/11 - 06:36:39
1715327,EUR 1150,EUR 2000,"['Private facilities', 'Private living room', 'Private garden', 'Private Toilet', 'Private kitchen', 'Private basement', 'WiFi', 'Living room furniture', 'Bed', 'TV', 'Private kitchenware', 'Washing machine', 'Playing Musical Instruments allowed', 'Smoking allowed only outside', 'Pets not allowed']",Sohnstraße,Property: 60 m2,"['51.23602', '6.81581']",2021/05/11 - 06:36:41
1634009,EUR 1750,EUR 1500,"['Private living room', 'Private Toilet', 'Private kitchen', 'Private bathroom', 'No Parking', 'No garden', 'WiFi', 'Living room furniture', 'Bed', 'TV', 'Private kitchenware', 'Closet', 'Playing Musical Instruments allowed', 'Pets negotiable', 'Smoking not allowed']",Cheruskerstraße,Property: 98 m2,"['51.22985', '6.75348']",2021/05/11 - 06:36:51
